{
    "total_accuracy": {
        "accuracy": 0.6069428305283302,
        "num": 1272,
        "real_accuracy": 0.9081984572651912,
        "fake_accuracy": 0.3056872037914692,
        "real_num": 428,
        "fake_num": 844
    },
    "per_metric_accuracy": {
        "CogVideoX": {
            "accuracy": 0.6997863247863247,
            "num": 88,
            "real_accuracy": 0.8611111111111112,
            "fake_accuracy": 0.5384615384615384,
            "real_num": 36,
            "fake_num": 52
        },
        "keling": {
            "accuracy": 0.5852272727272727,
            "num": 242,
            "real_accuracy": 0.9545454545454546,
            "fake_accuracy": 0.2159090909090909,
            "real_num": 66,
            "fake_num": 176
        },
        "Lumiere": {
            "accuracy": 0.5882352941176471,
            "num": 136,
            "real_accuracy": 0.9558823529411765,
            "fake_accuracy": 0.22058823529411764,
            "real_num": 68,
            "fake_num": 68
        },
        "Sora": {
            "accuracy": 0.563222079589217,
            "num": 240,
            "real_accuracy": 0.8947368421052632,
            "fake_accuracy": 0.23170731707317074,
            "real_num": 76,
            "fake_num": 164
        },
        "open-sora": {
            "accuracy": 0.5879245283018868,
            "num": 156,
            "real_accuracy": 0.94,
            "fake_accuracy": 0.2358490566037736,
            "real_num": 50,
            "fake_num": 106
        },
        "Photorealistic Video Generation with Diffusion Models": {
            "accuracy": 0.639573840793353,
            "num": 264,
            "real_accuracy": 0.8780487804878049,
            "fake_accuracy": 0.4010989010989011,
            "real_num": 82,
            "fake_num": 182
        },
        "runway": {
            "accuracy": 0.6435416666666667,
            "num": 146,
            "real_accuracy": 0.86,
            "fake_accuracy": 0.4270833333333333,
            "real_num": 50,
            "fake_num": 96
        }
    },
    "model_config": {
        "model_type": "internvl2",
        "init_kwargs": {
            "model_version": "/root/zgp2/fanzheming/LVLM/InternVL2_5-8B",
            "max_num_frames": 8
        },
        "generate_kwargs": {
            "top_p": 1,
            "top_k": "None",
            "temperature": 0,
            "max_new_tokens": 1024
        }
    },
    "task_config": {
        "task_type": "loki",
        "init_kwargs": {
            "dataset_path": "true_or_false_with_description_internvl25.json",
            "task_name": "loki-video-tf",
            "task_modality": "video"
        }
    }
}