{
    "total_accuracy": {
        "accuracy": 0.5618544859432131,
        "num": 1272,
        "real_accuracy": 0.9673108676210234,
        "fake_accuracy": 0.15639810426540285,
        "real_num": 428,
        "fake_num": 844
    },
    "per_metric_accuracy": {
        "CogVideoX": {
            "accuracy": 0.5576923076923077,
            "num": 88,
            "real_accuracy": 1.0,
            "fake_accuracy": 0.11538461538461539,
            "real_num": 36,
            "fake_num": 52
        },
        "keling": {
            "accuracy": 0.5596590909090909,
            "num": 242,
            "real_accuracy": 1.0,
            "fake_accuracy": 0.11931818181818182,
            "real_num": 66,
            "fake_num": 176
        },
        "Lumiere": {
            "accuracy": 0.5441176470588235,
            "num": 136,
            "real_accuracy": 0.9705882352941176,
            "fake_accuracy": 0.11764705882352941,
            "real_num": 68,
            "fake_num": 68
        },
        "Sora": {
            "accuracy": 0.568196405648267,
            "num": 240,
            "real_accuracy": 0.9473684210526315,
            "fake_accuracy": 0.18902439024390244,
            "real_num": 76,
            "fake_num": 164
        },
        "open-sora": {
            "accuracy": 0.5177358490566037,
            "num": 156,
            "real_accuracy": 0.96,
            "fake_accuracy": 0.07547169811320754,
            "real_num": 50,
            "fake_num": 106
        },
        "Photorealistic Video Generation with Diffusion Models": {
            "accuracy": 0.5800053604931653,
            "num": 264,
            "real_accuracy": 0.9512195121951219,
            "fake_accuracy": 0.2087912087912088,
            "real_num": 82,
            "fake_num": 182
        },
        "runway": {
            "accuracy": 0.5841666666666666,
            "num": 146,
            "real_accuracy": 0.96,
            "fake_accuracy": 0.20833333333333334,
            "real_num": 50,
            "fake_num": 96
        }
    },
    "model_config": {
        "model_type": "qwen2-vl",
        "init_kwargs": {
            "model_version": "/root/zgp2/fanzheming/Qwen2-VL-7B-Instruct"
        },
        "generate_kwargs": {
            "top_p": 1,
            "top_k": "None",
            "temperature": 0,
            "max_new_tokens": 2
        }
    },
    "task_config": {
        "task_type": "loki",
        "init_kwargs": {
            "dataset_path": "data_json/video/true_or_false_VDP_qwen2vl.json",
            "task_name": "loki-video-tf",
            "task_modality": "video"
        }
    }
}