{
    "total_accuracy": {
        "accuracy": 0.5948213876501448,
        "num": 1272,
        "real_accuracy": 0.9479366141628489,
        "fake_accuracy": 0.24170616113744076,
        "real_num": 428,
        "fake_num": 844
    },
    "per_metric_accuracy": {
        "CogVideoX": {
            "accuracy": 0.5833333333333333,
            "num": 88,
            "real_accuracy": 0.9166666666666666,
            "fake_accuracy": 0.25,
            "real_num": 36,
            "fake_num": 52
        },
        "keling": {
            "accuracy": 0.5681818181818181,
            "num": 242,
            "real_accuracy": 1.0,
            "fake_accuracy": 0.13636363636363635,
            "real_num": 66,
            "fake_num": 176
        },
        "Lumiere": {
            "accuracy": 0.6176470588235294,
            "num": 136,
            "real_accuracy": 0.9852941176470589,
            "fake_accuracy": 0.25,
            "real_num": 68,
            "fake_num": 68
        },
        "Sora": {
            "accuracy": 0.5712451861360719,
            "num": 240,
            "real_accuracy": 0.9473684210526315,
            "fake_accuracy": 0.1951219512195122,
            "real_num": 76,
            "fake_num": 164
        },
        "open-sora": {
            "accuracy": 0.5349056603773585,
            "num": 156,
            "real_accuracy": 0.9,
            "fake_accuracy": 0.16981132075471697,
            "real_num": 50,
            "fake_num": 106
        },
        "Photorealistic Video Generation with Diffusion Models": {
            "accuracy": 0.6331412489949075,
            "num": 264,
            "real_accuracy": 0.9146341463414634,
            "fake_accuracy": 0.3516483516483517,
            "real_num": 82,
            "fake_num": 182
        },
        "runway": {
            "accuracy": 0.6675,
            "num": 146,
            "real_accuracy": 0.96,
            "fake_accuracy": 0.375,
            "real_num": 50,
            "fake_num": 96
        }
    },
    "model_config": {
        "model_type": "mplug-owl",
        "init_kwargs": {
            "model_version": "/root/zgp2/fanzheming/LVLM/mPLUG-Owl3-7B-241101",
            "max_num_frames": 8,
            "attn_implementation": "sdpa"
        },
        "generate_kwargs": {
            "top_p": 1,
            "top_k": "None",
            "temperature": 0,
            "max_new_tokens": 1024
        }
    },
    "task_config": {
        "task_type": "loki",
        "init_kwargs": {
            "dataset_path": "true_or_false_with_description_mplug.json",
            "task_name": "loki-video-tf",
            "task_modality": "video"
        }
    }
}