{
    "total_accuracy": {
        "accuracy": 0.59786575395063,
        "num": 1272,
        "real_accuracy": 0.9101864842045777,
        "fake_accuracy": 0.28554502369668244,
        "real_num": 428,
        "fake_num": 844
    },
    "per_metric_accuracy": {
        "CogVideoX": {
            "accuracy": 0.5651709401709402,
            "num": 88,
            "real_accuracy": 0.8611111111111112,
            "fake_accuracy": 0.2692307692307692,
            "real_num": 36,
            "fake_num": 52
        },
        "keling": {
            "accuracy": 0.5625,
            "num": 242,
            "real_accuracy": 0.9545454545454546,
            "fake_accuracy": 0.17045454545454544,
            "real_num": 66,
            "fake_num": 176
        },
        "Lumiere": {
            "accuracy": 0.6029411764705883,
            "num": 136,
            "real_accuracy": 0.9264705882352942,
            "fake_accuracy": 0.27941176470588236,
            "real_num": 68,
            "fake_num": 68
        },
        "Sora": {
            "accuracy": 0.5941912708600771,
            "num": 240,
            "real_accuracy": 0.9078947368421053,
            "fake_accuracy": 0.2804878048780488,
            "real_num": 76,
            "fake_num": 164
        },
        "open-sora": {
            "accuracy": 0.5207547169811321,
            "num": 156,
            "real_accuracy": 0.9,
            "fake_accuracy": 0.14150943396226415,
            "real_num": 50,
            "fake_num": 106
        },
        "Photorealistic Video Generation with Diffusion Models": {
            "accuracy": 0.661551862771375,
            "num": 264,
            "real_accuracy": 0.8780487804878049,
            "fake_accuracy": 0.44505494505494503,
            "real_num": 82,
            "fake_num": 182
        },
        "runway": {
            "accuracy": 0.6475,
            "num": 146,
            "real_accuracy": 0.92,
            "fake_accuracy": 0.375,
            "real_num": 50,
            "fake_num": 96
        }
    },
    "model_config": {
        "model_type": "qwen2-vl",
        "init_kwargs": {
            "model_version": "/root/zgp2/fanzheming/Qwen2-VL-7B-Instruct"
        },
        "generate_kwargs": {
            "top_p": 1,
            "top_k": "None",
            "temperature": 0,
            "max_new_tokens": 2
        }
    },
    "task_config": {
        "task_type": "loki",
        "init_kwargs": {
            "dataset_path": "data_json/video/true_or_false.json",
            "task_name": "loki-video-tf",
            "task_modality": "video"
        }
    }
}