{
    "total_accuracy": {
        "accuracy": 0.6070018542290686,
        "num": 1272,
        "real_accuracy": 0.8561838032448671,
        "fake_accuracy": 0.3578199052132701,
        "real_num": 428,
        "fake_num": 844
    },
    "per_metric_accuracy": {
        "CogVideoX": {
            "accuracy": 0.5235042735042735,
            "num": 88,
            "real_accuracy": 0.7777777777777778,
            "fake_accuracy": 0.2692307692307692,
            "real_num": 36,
            "fake_num": 52
        },
        "keling": {
            "accuracy": 0.5539772727272727,
            "num": 242,
            "real_accuracy": 0.9090909090909091,
            "fake_accuracy": 0.19886363636363635,
            "real_num": 66,
            "fake_num": 176
        },
        "Lumiere": {
            "accuracy": 0.6691176470588235,
            "num": 136,
            "real_accuracy": 0.9411764705882353,
            "fake_accuracy": 0.39705882352941174,
            "real_num": 68,
            "fake_num": 68
        },
        "Sora": {
            "accuracy": 0.5882541720154044,
            "num": 240,
            "real_accuracy": 0.8289473684210527,
            "fake_accuracy": 0.3475609756097561,
            "real_num": 76,
            "fake_num": 164
        },
        "open-sora": {
            "accuracy": 0.5284905660377358,
            "num": 156,
            "real_accuracy": 0.84,
            "fake_accuracy": 0.2169811320754717,
            "real_num": 50,
            "fake_num": 106
        },
        "Photorealistic Video Generation with Diffusion Models": {
            "accuracy": 0.6750201018493701,
            "num": 264,
            "real_accuracy": 0.8170731707317073,
            "fake_accuracy": 0.532967032967033,
            "real_num": 82,
            "fake_num": 182
        },
        "runway": {
            "accuracy": 0.6952083333333333,
            "num": 146,
            "real_accuracy": 0.88,
            "fake_accuracy": 0.5104166666666666,
            "real_num": 50,
            "fake_num": 96
        }
    },
    "model_config": {
        "model_type": "qwen2-vl",
        "init_kwargs": {
            "model_version": "/root/zgp2/fanzheming/Qwen2-VL-7B-Instruct"
        },
        "generate_kwargs": {
            "top_p": 1,
            "top_k": "None",
            "temperature": 0,
            "max_new_tokens": 2
        }
    },
    "task_config": {
        "task_type": "loki",
        "init_kwargs": {
            "dataset_path": "true_or_false_without_description.json",
            "task_name": "loki-video-tf",
            "task_modality": "video"
        }
    }
}